{
    "jedi": [{
            "id": 0,
            "name": "Qui-Gon Jinn",
            "Species": "Human",
            "trained": "Count Dooku",
            "Rank": "Jedi Master",
            "bio": "The Jedi who discovered Anakin Skywalker and determined that he was the Chosen One who would bring balance to the Force.",
            "photo": "https://static.wikia.nocookie.net/starwars/images/f/f6/Qui-Gon_Jinn_Headshot_TPM.jpg/revision/latest?cb=20180430174809"
        },
        {
            "id": 1,
            "name": "Anakin Skywalker",
            "Species": "Human",
            "trained": "Obi-Wan Kenobi",
            "Rank": "Jedi Knight",
            "bio": "The boy immaculately conceived via midi-chlorians who grew up to become a great Jedi, only to be seduced by the Dark Side, assist in the decimation of the Order, and become the hated Sith Lord Darth Vader.",
            "photo": "https://www.serietotaal.nl/images/nieuws/t/x8ea05l1sb2w-full.jpg"
        },
        {
            "id": 2,
            "name": "Mace Windu",
            "Species": "Human",
            "trained": "??",
            "Homeworld": "Haruun Kal",
            "Rank": "Jedi Master",
            "bio": "The most senior member of the Jedi Council, aside from Yoda, during the Clone Wars. In later years, Imperial propaganda claimed Mace Windu had been the leader of a “criminal gang” who caused the start of the wars.",
            "photo": "https://static.wikia.nocookie.net/starwars/images/f/fc/Mace_Windu.jpg/revision/latest?cb=20071230055326"
        },
        {
            "id": 3,
            "name": "Plo Koon",
            "Species": "Kel Dor",
            "Homeworld": "Dorin",
            "trained": "??",
            "Rank": "Jedi Master",
            "bio": "Plo Koon first discovered the Force-sensitive child Ahsoka Tano, who would eventually become Anakin Skywalker’s Padawan. This Council member required a mask when in oxygen atmospheres due to his Kel Dor physiology.",
            "photo": "https://static.wikia.nocookie.net/starwars/images/b/bf/PloKoonCardTrader.png/revision/latest?cb=20180213154354"

        }
    ],
    "clonetroopers": [{
            "id": 0,
            "squadname": "bank's squad",
            "served": "Grand Army of the republic",
            "current role": "army",
            "status": "active",
            "members": ["ghost", "skye", "crazy legs", "cutter", "oznek", "oznek"]
        },
        {
            "id": 1,
            "squadname": "aiwha squad",
            "served": "Grand Army of the republic's navy",
            "current role": "army",
            "status": "active",
            "members": ["1137", "1139", "1151 16", "17", "23", "35"]

        },
        {
            "id": 2,
            "squadname": "aiwha squad",
            "served": "Grand Army of the republic",
            "current role": "army",
            "status": "active",
            "members": ["CT-1008", "CT-1410", "CT-1509", "CT-2005", "CT-2602", "CT-27-3555"]

        }
    ]
}